<config xmlns:xsi="http://www.w3.org/2001/XMLSchema-instance" xsi:noNamespaceSchemaLocation="urn:magento:framework:ObjectManager/etc/config.xsd">
    <!--<type name="Magento\Checkout\Block\Checkout\LayoutProcessor">
        <plugin name="delivery_date_field" type="Helloworld\Mymodule\Plugin\Checkout\LayoutProcessorPlugin" sortOrder="10"/>
    </type>-->
    <!--<type name="Magento\Checkout\Block\Onepage">
        <arguments>
            <argument name="layoutProcessors" xsi:type="array">
                <item name="order_attribute" xsi:type="object">Helloworld\Mymodule\Block\LayoutProcessor</item>
            </argument>
        </arguments>
    </type>-->
</config>