<config xmlns:xsi="http://www.w3.org/2001/XMLSchema-instance" xsi:noNamespaceSchemaLocation="urn:magento:framework:Event/etc/events.xsd">
   <event name="sales_order_invoice_register">
         <observer name="review_email" instance="Helloworld\Mymodule\Observer\ReviewEmail"/>
        </event>
     <event name="catalog_product_new_action">
        <observer name="save_product_data" instance="Helloworld\Mymodule\Observer\Saveproduct"/>
    </event>
 <!--   <event name="sales_prepare_amount_expression">
        <observer name="reporting_data" instance="Helloworld\Mymodule\Observer\Report"/>
    </event>-->
    <event name="on_view_report">
        <observer name="reported_data" instance="Helloworld\Mymodule\Observer\Report"/>
    </event>
    <event name="order_cancel_after">
        <observer name="invoice_cancel_mail" instance="Helloworld\Mymodule\Observer\Cancel"/>
    </event>
</config>