<?xml version="1.0"?>
<config xmlns:xsi="http://www.w3.org/2001/XMLSchema-instance" xsi:noNamespaceSchemaLocation="urn:magento:framework:Event/etc/events.xsd">
   <!--
   <event name="sales_model_service_quote_submit_before">
        <observer name="save_delivery_date_to_order" instance="Helloworld\Mymodule\Observer\SaveToOrder" />
    </event>
    -->
   <!--
   <event name="checkout_cart_product_add_after">
        <observer name="pf_checkout_cart_product_add_after" instance="Helloworld\Mymodule\Observer\CheckoutCartAddObserver" />
    </event>
    <event name="sales_model_service_quote_submit_before">
        <observer name="pf_sales_model_service_quote_submit_before" instance="Helloworld\Mymodule\Observer\QuoteSubmitObserver" />
    </event>
    -->
   <!--<event name="order_cancel_after">
      <observer name="invoice_cancel_mail" instance="Helloworld\Mymodule\Observer\Cancel"/>
   </event>-->
</config>